{
	"info": {
		"_postman_id": "ff24357e-abf3-440d-b454-268f69cf9d96",
		"name": "api-company",
		"schema": "https://schema.getpostman.com/json/collection/v2.1.0/collection.json"
	},
	"item": [
		{
			"name": "Create Product",
			"request": {
				"method": "POST",
				"header": [
					{
						"key": "Content-Type",
						"value": "application/json",
						"type": "text"
					}
				],
				"body": {
					"mode": "raw",
					"raw": "{\n    \"name\": \"Aceite cocinero 500CC 24BOT\",\n    \"category\": \"Aceite\",\n    \"price\": 77.21,\n    \"imgURL\": \"https://www.product.img/on/server/29164.jpg\"\n}"
				},
				"url": {
					"raw": "http://localhost:4000/api/products",
					"protocol": "http",
					"host": [
						"localhost"
					],
					"port": "4000",
					"path": [
						"api",
						"products"
					]
				}
			},
			"response": []
		},
		{
			"name": "Get Product By id",
			"request": {
				"method": "GET",
				"header": [],
				"url": {
					"raw": "http://localhost:4000/api/products/5f4d6359caec1f3208fdbbd3",
					"protocol": "http",
					"host": [
						"localhost"
					],
					"port": "4000",
					"path": [
						"api",
						"products",
						"5f4d6359caec1f3208fdbbd3"
					]
				}
			},
			"response": []
		},
		{
			"name": "Get Product By id Copy",
			"request": {
				"method": "DELETE",
				"header": [],
				"url": {
					"raw": "http://localhost:4000/api/products/5f4d6359caec1f3208fdbbd3",
					"protocol": "http",
					"host": [
						"localhost"
					],
					"port": "4000",
					"path": [
						"api",
						"products",
						"5f4d6359caec1f3208fdbbd3"
					]
				}
			},
			"response": []
		}
	],
	"protocolProfileBehavior": {}
}